"EnrollmentQuartile","AveragePlanSize","Count"
1,2770.74607520993,5478
2,9514.05669348942,5468
3,27448.4178721845,5461
4,189311.826047024,5444
